movie_id,movie_title,title_year,movie_imdb_link,movie_imdb_id
1,The Shawshank Redemption,1994,http://www.imdb.com/title/tt0111161/?ref_=fn_tt_tt_1,tt0111161
2,The Dark Knight,2008,http://www.imdb.com/title/tt0468569/?ref_=fn_tt_tt_1,tt0468569
3,Inception,2010,http://www.imdb.com/title/tt1375666/?ref_=fn_tt_tt_1,tt1375666
4,Fight Club,1999,http://www.imdb.com/title/tt0137523/?ref_=fn_tt_tt_1,tt0137523
5,Pulp Fiction,1994,http://www.imdb.com/title/tt0110912/?ref_=fn_tt_tt_1,tt0110912
6,Forrest Gump,1994,http://www.imdb.com/title/tt0109830/?ref_=fn_tt_tt_1,tt0109830
7,The Lord of the Rings: The Fellowship of the Ring,2001,http://www.imdb.com/title/tt0120737/?ref_=fn_tt_tt_1,tt0120737
8,The Matrix,1999,http://www.imdb.com/title/tt0133093/?ref_=fn_tt_tt_1,tt0133093
9,The Lord of the Rings: The Return of the King,2003,http://www.imdb.com/title/tt0167260/?ref_=fn_tt_tt_1,tt0167260
10,The Godfather,1972,http://www.imdb.com/title/tt0068646/?ref_=fn_tt_tt_1,tt0068646
11,The Dark Knight Rises,2012,http://www.imdb.com/title/tt1345836/?ref_=fn_tt_tt_1,tt1345836
12,The Lord of the Rings: The Two Towers,2002,http://www.imdb.com/title/tt0167261/?ref_=fn_tt_tt_1,tt0167261
13,Se7en,1995,http://www.imdb.com/title/tt0114369/?ref_=fn_tt_tt_1,tt0114369
14,The Avengers,2012,http://www.imdb.com/title/tt0848228/?ref_=fn_tt_tt_1,tt0848228
15,Gladiator,2000,http://www.imdb.com/title/tt0172495/?ref_=fn_tt_tt_1,tt0172495
16,Batman Begins,2005,http://www.imdb.com/title/tt0372784/?ref_=fn_tt_tt_1,tt0372784
17,Django Unchained,2012,http://www.imdb.com/title/tt1853728/?ref_=fn_tt_tt_1,tt1853728
18,Interstellar,2014,http://www.imdb.com/title/tt0816692/?ref_=fn_tt_tt_1,tt0816692
19,Star Wars: Episode IV - A New Hope,1977,http://www.imdb.com/title/tt0076759/?ref_=fn_tt_tt_1,tt0076759
20,The Silence of the Lambs,1991,http://www.imdb.com/title/tt0102926/?ref_=fn_tt_tt_1,tt0102926
21,Avatar,2009,http://www.imdb.com/title/tt0499549/?ref_=fn_tt_tt_1,tt0499549
22,Inglourious Basterds,2009,http://www.imdb.com/title/tt0361748/?ref_=fn_tt_tt_1,tt0361748
23,Saving Private Ryan,1998,http://www.imdb.com/title/tt0120815/?ref_=fn_tt_tt_1,tt0120815
24,The Departed,2006,http://www.imdb.com/title/tt0407887/?ref_=fn_tt_tt_1,tt0407887
25,Schindler's List,1993,http://www.imdb.com/title/tt0108052/?ref_=fn_tt_tt_1,tt0108052
26,Memento,2000,http://www.imdb.com/title/tt0209144/?ref_=fn_tt_tt_1,tt0209144
27,The Prestige,2006,http://www.imdb.com/title/tt0482571/?ref_=fn_tt_tt_1,tt0482571
28,Star Wars: Episode V - The Empire Strikes Back,1980,http://www.imdb.com/title/tt0080684/?ref_=fn_tt_tt_1,tt0080684
29,American Beauty,1999,http://www.imdb.com/title/tt0169547/?ref_=fn_tt_tt_1,tt0169547
30,Pirates of the Caribbean: The Curse of the Black Pearl,2003,http://www.imdb.com/title/tt0325980/?ref_=fn_tt_tt_1,tt0325980
31,Titanic,1997,http://www.imdb.com/title/tt0120338/?ref_=fn_tt_tt_1,tt0120338
32,V for Vendetta,2005,http://www.imdb.com/title/tt0434409/?ref_=fn_tt_tt_1,tt0434409
33,The Godfather: Part II,1974,http://www.imdb.com/title/tt0071562/?ref_=fn_tt_tt_1,tt0071562
34,Shutter Island,2010,http://www.imdb.com/title/tt1130884/?ref_=fn_tt_tt_1,tt1130884
35,The Green Mile,1999,http://www.imdb.com/title/tt0120689/?ref_=fn_tt_tt_1,tt0120689
36,American History X,1998,http://www.imdb.com/title/tt0120586/?ref_=fn_tt_tt_1,tt0120586
37,The Wolf of Wall Street,2013,http://www.imdb.com/title/tt0993846/?ref_=fn_tt_tt_1,tt0993846
38,Terminator 2: Judgment Day,1991,http://www.imdb.com/title/tt0103064/?ref_=fn_tt_tt_1,tt0103064
39,The Usual Suspects,1995,http://www.imdb.com/title/tt0114814/?ref_=fn_tt_tt_1,tt0114814
40,Braveheart,1995,http://www.imdb.com/title/tt0112573/?ref_=fn_tt_tt_1,tt0112573
41,Kill Bill: Vol. 1,2003,http://www.imdb.com/title/tt0266697/?ref_=fn_tt_tt_1,tt0266697
42,Back to the Future,1985,http://www.imdb.com/title/tt0088763/?ref_=fn_tt_tt_1,tt0088763
43,Goodfellas,1990,http://www.imdb.com/title/tt0099685/?ref_=fn_tt_tt_1,tt0099685
44,WALL·E,2008,http://www.imdb.com/title/tt0910970/?ref_=fn_tt_tt_1,tt0910970
45,The Sixth Sense,1999,http://www.imdb.com/title/tt0167404/?ref_=fn_tt_tt_1,tt0167404
46,The Hunger Games,2012,http://www.imdb.com/title/tt1392170/?ref_=fn_tt_tt_1,tt1392170
47,Iron Man,2008,http://www.imdb.com/title/tt0371746/?ref_=fn_tt_tt_1,tt0371746
48,Finding Nemo,2003,http://www.imdb.com/title/tt0266543/?ref_=fn_tt_tt_1,tt0266543
49,Guardians of the Galaxy,2014,http://www.imdb.com/title/tt2015381/?ref_=fn_tt_tt_1,tt2015381
50,Star Wars: Episode VI - Return of the Jedi,1983,http://www.imdb.com/title/tt0086190/?ref_=fn_tt_tt_1,tt0086190
51,One Flew Over the Cuckoo's Nest,1975,http://www.imdb.com/title/tt0073486/?ref_=fn_tt_tt_1,tt0073486
52,The Truman Show,1998,http://www.imdb.com/title/tt0120382/?ref_=fn_tt_tt_1,tt0120382
53,Eternal Sunshine of the Spotless Mind,2004,http://www.imdb.com/title/tt0338013/?ref_=fn_tt_tt_1,tt0338013
54,Up,2009,http://www.imdb.com/title/tt1049413/?ref_=fn_tt_tt_1,tt1049413
55,Reservoir Dogs,1992,http://www.imdb.com/title/tt0105236/?ref_=fn_tt_tt_1,tt0105236
56,Raiders of the Lost Ark,1981,http://www.imdb.com/title/tt0082971/?ref_=fn_tt_tt_1,tt0082971
57,Sin City,2005,http://www.imdb.com/title/tt0401792/?ref_=fn_tt_tt_1,tt0401792
58,The Lion King,1994,http://www.imdb.com/title/tt0110357/?ref_=fn_tt_tt_1,tt0110357
59,Slumdog Millionaire,2008,http://www.imdb.com/title/tt1010048/?ref_=fn_tt_tt_1,tt1010048
60,The Hobbit: An Unexpected Journey,2012,http://www.imdb.com/title/tt0903624/?ref_=fn_tt_tt_1,tt0903624
61,Toy Story,1995,http://www.imdb.com/title/tt0114709/?ref_=fn_tt_tt_1,tt0114709
62,Jurassic Park,1993,http://www.imdb.com/title/tt0107290/?ref_=fn_tt_tt_1,tt0107290
63,No Country for Old Men,2007,http://www.imdb.com/title/tt0477348/?ref_=fn_tt_tt_1,tt0477348
64,A Beautiful Mind,2001,http://www.imdb.com/title/tt0268978/?ref_=fn_tt_tt_1,tt0268978
65,The Shining,1980,http://www.imdb.com/title/tt0081505/?ref_=fn_tt_tt_1,tt0081505
66,300,2006,http://www.imdb.com/title/tt0416449/?ref_=fn_tt_tt_1,tt0416449
67,Good Will Hunting,1997,http://www.imdb.com/title/tt0119217/?ref_=fn_tt_tt_1,tt0119217
68,Snatch,2000,http://www.imdb.com/title/tt0208092/?ref_=fn_tt_tt_1,tt0208092
69,The Terminator,1984,http://www.imdb.com/title/tt0088247/?ref_=fn_tt_tt_1,tt0088247
70,Die Hard,1988,http://www.imdb.com/title/tt0095016/?ref_=fn_tt_tt_1,tt0095016
71,"Monsters, Inc.",2001,http://www.imdb.com/title/tt0198781/?ref_=fn_tt_tt_1,tt0198781
72,The Hangover,2009,http://www.imdb.com/title/tt1119646/?ref_=fn_tt_tt_1,tt1119646
73,Gravity,2013,http://www.imdb.com/title/tt1454468/?ref_=fn_tt_tt_1,tt1454468
74,Donnie Darko,2001,http://www.imdb.com/title/tt0246578/?ref_=fn_tt_tt_1,tt0246578
75,Requiem for a Dream,2000,http://www.imdb.com/title/tt0180093/?ref_=fn_tt_tt_1,tt0180093
76,Gone Girl,2014,http://www.imdb.com/title/tt2267998/?ref_=fn_tt_tt_1,tt2267998
77,Alien,1979,http://www.imdb.com/title/tt0078748/?ref_=fn_tt_tt_1,tt0078748
78,Gran Torino,2008,http://www.imdb.com/title/tt1205489/?ref_=fn_tt_tt_1,tt1205489
79,Iron Man 3,2013,http://www.imdb.com/title/tt1300854/?ref_=fn_tt_tt_1,tt1300854
80,Mad Max: Fury Road,2015,http://www.imdb.com/title/tt1392190/?ref_=fn_tt_tt_1,tt1392190
81,Black Swan,2010,http://www.imdb.com/title/tt0947798/?ref_=fn_tt_tt_1,tt0947798
82,Man of Steel,2013,http://www.imdb.com/title/tt0770828/?ref_=fn_tt_tt_1,tt0770828
83,Toy Story 3,2010,http://www.imdb.com/title/tt0435761/?ref_=fn_tt_tt_1,tt0435761
84,Spider-Man,2002,http://www.imdb.com/title/tt0145487/?ref_=fn_tt_tt_1,tt0145487
85,Scarface,1983,http://www.imdb.com/title/tt0086250/?ref_=fn_tt_tt_1,tt0086250
86,The Big Lebowski,1998,http://www.imdb.com/title/tt0118715/?ref_=fn_tt_tt_1,tt0118715
87,Thor,2011,http://www.imdb.com/title/tt0800369/?ref_=fn_tt_tt_1,tt0800369
88,Star Wars: Episode I - The Phantom Menace,1999,http://www.imdb.com/title/tt0120915/?ref_=fn_tt_tt_1,tt0120915
89,Amélie,2001,http://www.imdb.com/title/tt0211915/?ref_=fn_tt_tt_1,tt0211915
90,Silver Linings Playbook,2012,http://www.imdb.com/title/tt1045658/?ref_=fn_tt_tt_1,tt1045658
91,City of God,2002,http://www.imdb.com/title/tt0317248/?ref_=fn_tt_tt_1,tt0317248
92,District 9,2009,http://www.imdb.com/title/tt1136608/?ref_=fn_tt_tt_1,tt1136608
93,I Am Legend,2007,http://www.imdb.com/title/tt0480249/?ref_=fn_tt_tt_1,tt0480249
94,Catch Me If You Can,2002,http://www.imdb.com/title/tt0264464/?ref_=fn_tt_tt_1,tt0264464
95,Iron Man 2,2010,http://www.imdb.com/title/tt1228705/?ref_=fn_tt_tt_1,tt1228705
96,Pirates of the Caribbean: Dead Man's Chest,2006,http://www.imdb.com/title/tt0383574/?ref_=fn_tt_tt_1,tt0383574
97,Skyfall,2012,http://www.imdb.com/title/tt1074638/?ref_=fn_tt_tt_1,tt1074638
98,Star Wars: Episode III - Revenge of the Sith,2005,http://www.imdb.com/title/tt0121766/?ref_=fn_tt_tt_1,tt0121766
99,X-Men: First Class,2011,http://www.imdb.com/title/tt1270798/?ref_=fn_tt_tt_1,tt1270798
100,Indiana Jones and the Last Crusade,1989,http://www.imdb.com/title/tt0097576/?ref_=fn_tt_tt_1,tt0097576
101,X-Men: Days of Future Past,2014,http://www.imdb.com/title/tt1877832/?ref_=fn_tt_tt_1,tt1877832
102,Transformers,2007,http://www.imdb.com/title/tt0418279/?ref_=fn_tt_tt_1,tt0418279
103,Kill Bill: Vol. 2,2004,http://www.imdb.com/title/tt0378194/?ref_=fn_tt_tt_1,tt0378194
104,Captain America: The First Avenger,2011,http://www.imdb.com/title/tt0458339/?ref_=fn_tt_tt_1,tt0458339
105,Taxi Driver,1976,http://www.imdb.com/title/tt0075314/?ref_=fn_tt_tt_1,tt0075314
106,Star Trek,2009,http://www.imdb.com/title/tt0796366/?ref_=fn_tt_tt_1,tt0796366
107,The King's Speech,2010,http://www.imdb.com/title/tt1504320/?ref_=fn_tt_tt_1,tt1504320
108,"The Good, the Bad and the Ugly",1966,http://www.imdb.com/title/tt0060196/?ref_=fn_tt_tt_1,tt0060196
109,The Hunger Games: Catching Fire,2013,http://www.imdb.com/title/tt1951264/?ref_=fn_tt_tt_1,tt1951264
110,The Pianist,2002,http://www.imdb.com/title/tt0253474/?ref_=fn_tt_tt_1,tt0253474
111,Captain America: The Winter Soldier,2014,http://www.imdb.com/title/tt1843866/?ref_=fn_tt_tt_1,tt1843866
112,The Bourne Ultimatum,2007,http://www.imdb.com/title/tt0440963/?ref_=fn_tt_tt_1,tt0440963
113,Aliens,1986,http://www.imdb.com/title/tt0090605/?ref_=fn_tt_tt_1,tt0090605
114,How to Train Your Dragon,2010,http://www.imdb.com/title/tt0892769/?ref_=fn_tt_tt_1,tt0892769
115,Taken,2008,http://www.imdb.com/title/tt0936501/?ref_=fn_tt_tt_1,tt0936501
116,The Hobbit: The Desolation of Smaug,2013,http://www.imdb.com/title/tt1170358/?ref_=fn_tt_tt_1,tt1170358
117,Million Dollar Baby,2004,http://www.imdb.com/title/tt0405159/?ref_=fn_tt_tt_1,tt0405159
118,The Social Network,2010,http://www.imdb.com/title/tt1285016/?ref_=fn_tt_tt_1,tt1285016
119,The Incredibles,2004,http://www.imdb.com/title/tt0317705/?ref_=fn_tt_tt_1,tt0317705
120,Deadpool,2016,http://www.imdb.com/title/tt1431045/?ref_=fn_tt_tt_1,tt1431045
121,Sherlock Holmes,2009,http://www.imdb.com/title/tt0988045/?ref_=fn_tt_tt_1,tt0988045
122,The Grand Budapest Hotel,2014,http://www.imdb.com/title/tt2278388/?ref_=fn_tt_tt_1,tt2278388
123,Ratatouille,2007,http://www.imdb.com/title/tt0382932/?ref_=fn_tt_tt_1,tt0382932
124,The Martian,2015,http://www.imdb.com/title/tt3659388/?ref_=fn_tt_tt_1,tt3659388
125,Ted,2012,http://www.imdb.com/title/tt1637725/?ref_=fn_tt_tt_1,tt1637725
126,Pirates of the Caribbean: At World's End,2007,http://www.imdb.com/title/tt0449088/?ref_=fn_tt_tt_1,tt0449088
127,Casino Royale,2006,http://www.imdb.com/title/tt0381061/?ref_=fn_tt_tt_1,tt0381061
128,Trainspotting,1996,http://www.imdb.com/title/tt0117951/?ref_=fn_tt_tt_1,tt0117951
129,The Imitation Game,2014,http://www.imdb.com/title/tt2084970/?ref_=fn_tt_tt_1,tt2084970
130,Pan's Labyrinth,2006,http://www.imdb.com/title/tt0457430/?ref_=fn_tt_tt_1,tt0457430
131,Shrek,2001,http://www.imdb.com/title/tt0126029/?ref_=fn_tt_tt_1,tt0126029
132,World War Z,2013,http://www.imdb.com/title/tt0816711/?ref_=fn_tt_tt_1,tt0816711
133,Star Wars: Episode II - Attack of the Clones,2002,http://www.imdb.com/title/tt0121765/?ref_=fn_tt_tt_1,tt0121765
134,Avengers: Age of Ultron,2015,http://www.imdb.com/title/tt2395427/?ref_=fn_tt_tt_1,tt2395427
135,Blade Runner,1982,http://www.imdb.com/title/tt0083658/?ref_=fn_tt_tt_1,tt0083658
136,The Curious Case of Benjamin Button,2008,http://www.imdb.com/title/tt0421715/?ref_=fn_tt_tt_1,tt0421715
137,Prometheus,2012,http://www.imdb.com/title/tt1446714/?ref_=fn_tt_tt_1,tt1446714
138,X-Men,2000,http://www.imdb.com/title/tt0120903/?ref_=fn_tt_tt_1,tt0120903
139,Argo,2012,http://www.imdb.com/title/tt1024648/?ref_=fn_tt_tt_1,tt1024648
140,The Amazing Spider-Man,2012,http://www.imdb.com/title/tt0948470/?ref_=fn_tt_tt_1,tt0948470
141,Apocalypse Now,1979,http://www.imdb.com/title/tt0078788/?ref_=fn_tt_tt_1,tt0078788
142,Now You See Me,2013,http://www.imdb.com/title/tt1670345/?ref_=fn_tt_tt_1,tt1670345
143,12 Angry Men,1957,http://www.imdb.com/title/tt0050083/?ref_=fn_tt_tt_1,tt0050083
144,Harry Potter and the Sorcerer's Stone,2001,http://www.imdb.com/title/tt0241527/?ref_=fn_tt_tt_1,tt0241527
145,Life of Pi,2012,http://www.imdb.com/title/tt0454876/?ref_=fn_tt_tt_1,tt0454876
146,12 Years a Slave,2013,http://www.imdb.com/title/tt2024544/?ref_=fn_tt_tt_1,tt2024544
147,Groundhog Day,1993,http://www.imdb.com/title/tt0107048/?ref_=fn_tt_tt_1,tt0107048
148,Kick-Ass,2010,http://www.imdb.com/title/tt1250777/?ref_=fn_tt_tt_1,tt1250777
149,Edge of Tomorrow,2014,http://www.imdb.com/title/tt1631867/?ref_=fn_tt_tt_1,tt1631867
150,Drive,2011,http://www.imdb.com/title/tt0780504/?ref_=fn_tt_tt_1,tt0780504
151,Independence Day,1996,http://www.imdb.com/title/tt0116629/?ref_=fn_tt_tt_1,tt0116629
152,Looper,2012,http://www.imdb.com/title/tt1276104/?ref_=fn_tt_tt_1,tt1276104
153,2001: A Space Odyssey,1968,http://www.imdb.com/title/tt0062622/?ref_=fn_tt_tt_1,tt0062622
154,Into the Wild,2007,http://www.imdb.com/title/tt0758758/?ref_=fn_tt_tt_1,tt0758758
155,Superbad,2007,http://www.imdb.com/title/tt0829482/?ref_=fn_tt_tt_1,tt0829482
156,Psycho,1960,http://www.imdb.com/title/tt0054215/?ref_=fn_tt_tt_1,tt0054215
157,The Matrix Reloaded,2003,http://www.imdb.com/title/tt0234215/?ref_=fn_tt_tt_1,tt0234215
158,Frozen,2013,http://www.imdb.com/title/tt2294629/?ref_=fn_tt_tt_1,tt2294629
159,Jurassic World,2015,http://www.imdb.com/title/tt0369610/?ref_=fn_tt_tt_1,tt0369610
160,Spirited Away,2001,http://www.imdb.com/title/tt0245429/?ref_=fn_tt_tt_1,tt0245429
162,Juno,2007,http://www.imdb.com/title/tt0467406/?ref_=fn_tt_tt_1,tt0467406
163,L.A. Confidential,1997,http://www.imdb.com/title/tt0119488/?ref_=fn_tt_tt_1,tt0119488
164,Thor: The Dark World,2013,http://www.imdb.com/title/tt1981115/?ref_=fn_tt_tt_1,tt1981115
165,Jaws,1975,http://www.imdb.com/title/tt0073195/?ref_=fn_tt_tt_1,tt0073195
166,Spider-Man 2,2004,http://www.imdb.com/title/tt0316654/?ref_=fn_tt_tt_1,tt0316654
167,21 Jump Street,2012,http://www.imdb.com/title/tt1232829/?ref_=fn_tt_tt_1,tt1232829
168,The Bourne Identity,2002,http://www.imdb.com/title/tt0258463/?ref_=fn_tt_tt_1,tt0258463
169,The Revenant,2015,http://www.imdb.com/title/tt1663202/?ref_=fn_tt_tt_1,tt1663202
170,X-Men 2,2003,http://www.imdb.com/title/tt0290334/?ref_=fn_tt_tt_1,tt0290334
171,Rise of the Planet of the Apes,2011,http://www.imdb.com/title/tt1318514/?ref_=fn_tt_tt_1,tt1318514
172,Men in Black,1997,http://www.imdb.com/title/tt0119654/?ref_=fn_tt_tt_1,tt0119654
173,Ocean's Eleven,2001,http://www.imdb.com/title/tt0240772/?ref_=fn_tt_tt_1,tt0240772
174,Blood Diamond,2006,http://www.imdb.com/title/tt0450259/?ref_=fn_tt_tt_1,tt0450259
175,Minority Report,2002,http://www.imdb.com/title/tt0181689/?ref_=fn_tt_tt_1,tt0181689
176,Whiplash,2014,http://www.imdb.com/title/tt2582802/?ref_=fn_tt_tt_1,tt2582802
177,The Notebook,2004,http://www.imdb.com/title/tt0332280/?ref_=fn_tt_tt_1,tt0332280
178,Shaun of the Dead,2004,http://www.imdb.com/title/tt0365748/?ref_=fn_tt_tt_1,tt0365748
179,Star Trek Into Darkness,2013,http://www.imdb.com/title/tt1408101/?ref_=fn_tt_tt_1,tt1408101
181,Cast Away,2000,http://www.imdb.com/title/tt0162222/?ref_=fn_tt_tt_1,tt0162222
182,Watchmen,2009,http://www.imdb.com/title/tt0409459/?ref_=fn_tt_tt_1,tt0409459
183,"I, Robot",2004,http://www.imdb.com/title/tt0343818/?ref_=fn_tt_tt_1,tt0343818
184,Harry Potter and the Chamber of Secrets,2002,http://www.imdb.com/title/tt0295297/?ref_=fn_tt_tt_1,tt0295297
185,Casablanca,1942,http://www.imdb.com/title/tt0034583/?ref_=fn_tt_tt_1,tt0034583
186,Oblivion,2013,http://www.imdb.com/title/tt1483013/?ref_=fn_tt_tt_1,tt1483013
187,Zombieland,2009,http://www.imdb.com/title/tt1156398/?ref_=fn_tt_tt_1,tt1156398
188,Despicable Me,2010,http://www.imdb.com/title/tt1323594/?ref_=fn_tt_tt_1,tt1323594
189,Toy Story 2,1999,http://www.imdb.com/title/tt0120363/?ref_=fn_tt_tt_1,tt0120363
190,Harry Potter and the Goblet of Fire,2005,http://www.imdb.com/title/tt0330373/?ref_=fn_tt_tt_1,tt0330373
192,Prisoners,2013,http://www.imdb.com/title/tt1392214/?ref_=fn_tt_tt_1,tt1392214
193,X-Men: The Last Stand,2006,http://www.imdb.com/title/tt0376994/?ref_=fn_tt_tt_1,tt0376994
194,Spider-Man 3,2007,http://www.imdb.com/title/tt0413300/?ref_=fn_tt_tt_1,tt0413300
195,Harry Potter and the Prisoner of Azkaban,2004,http://www.imdb.com/title/tt0304141/?ref_=fn_tt_tt_1,tt0304141
196,Monty Python and the Holy Grail,1975,http://www.imdb.com/title/tt0071853/?ref_=fn_tt_tt_1,tt0071853
197,Troy,2004,http://www.imdb.com/title/tt0332452/?ref_=fn_tt_tt_1,tt0332452
198,Pacific Rim,2013,http://www.imdb.com/title/tt1663662/?ref_=fn_tt_tt_1,tt1663662
199,Source Code,2011,http://www.imdb.com/title/tt0945513/?ref_=fn_tt_tt_1,tt0945513
200,500 Days of Summer,2009,http://www.imdb.com/title/tt1022603/?ref_=fn_tt_tt_1,tt1022603
201,The Hangover Part II,2011,http://www.imdb.com/title/tt1411697/?ref_=fn_tt_tt_1,tt1411697
202,"Crazy, Stupid, Love.",2011,http://www.imdb.com/title/tt1570728/?ref_=fn_tt_tt_1,tt1570728
203,Rocky,1976,http://www.imdb.com/title/tt0075148/?ref_=fn_tt_tt_1,tt0075148
204,There Will Be Blood,2007,http://www.imdb.com/title/tt0469494/?ref_=fn_tt_tt_1,tt0469494
205,Batman v Superman: Dawn of Justice,2016,http://www.imdb.com/title/tt2975590/?ref_=fn_tt_tt_1,tt2975590
206,Pirates of the Caribbean: On Stranger Tides,2011,http://www.imdb.com/title/tt1298650/?ref_=fn_tt_tt_1,tt1298650
207,Mission: Impossible - Ghost Protocol,2011,http://www.imdb.com/title/tt1229238/?ref_=fn_tt_tt_1,tt1229238
208,The Matrix Revolutions,2003,http://www.imdb.com/title/tt0242653/?ref_=fn_tt_tt_1,tt0242653
209,The Great Gatsby,2013,http://www.imdb.com/title/tt1343092/?ref_=fn_tt_tt_1,tt1343092
210,X-Men Origins: Wolverine,2009,http://www.imdb.com/title/tt0458525/?ref_=fn_tt_tt_1,tt0458525
211,Children of Men,2006,http://www.imdb.com/title/tt0206634/?ref_=fn_tt_tt_1,tt0206634
212,Crash,2004,http://www.imdb.com/title/tt0375679/?ref_=fn_tt_tt_1,tt0375679
213,American Hustle,2013,http://www.imdb.com/title/tt1800241/?ref_=fn_tt_tt_1,tt1800241
214,Edward Scissorhands,1990,http://www.imdb.com/title/tt0099487/?ref_=fn_tt_tt_1,tt0099487
215,The Butterfly Effect,2004,http://www.imdb.com/title/tt0289879/?ref_=fn_tt_tt_1,tt0289879
216,American Psycho,2000,http://www.imdb.com/title/tt0144084/?ref_=fn_tt_tt_1,tt0144084
217,Oldboy,2003,http://www.imdb.com/title/tt0364569/?ref_=fn_tt_tt_1,tt0364569
218,Little Miss Sunshine,2006,http://www.imdb.com/title/tt0449059/?ref_=fn_tt_tt_1,tt0449059
219,Harry Potter and the Order of the Phoenix,2007,http://www.imdb.com/title/tt0373889/?ref_=fn_tt_tt_1,tt0373889
220,Her,2013,http://www.imdb.com/title/tt1798709/?ref_=fn_tt_tt_1,tt1798709
221,The Hobbit: The Battle of the Five Armies,2014,http://www.imdb.com/title/tt2310332/?ref_=fn_tt_tt_1,tt2310332
222,Horrible Bosses,2011,http://www.imdb.com/title/tt1499658/?ref_=fn_tt_tt_1,tt1499658
223,Hot Fuzz,2007,http://www.imdb.com/title/tt0425112/?ref_=fn_tt_tt_1,tt0425112
224,The Perks of Being a Wallflower,2012,http://www.imdb.com/title/tt1659337/?ref_=fn_tt_tt_1,tt1659337
225,Big Fish,2003,http://www.imdb.com/title/tt0319061/?ref_=fn_tt_tt_1,tt0319061
226,Mr. & Mrs. Smith,2005,http://www.imdb.com/title/tt0356910/?ref_=fn_tt_tt_1,tt0356910
227,The Bourne Supremacy,2004,http://www.imdb.com/title/tt0372183/?ref_=fn_tt_tt_1,tt0372183
228,Twilight,2008,http://www.imdb.com/title/tt1099212/?ref_=fn_tt_tt_1,tt1099212
229,Inside Out,2015,http://www.imdb.com/title/tt2096673/?ref_=fn_tt_tt_1,tt2096673
230,Hancock,2008,http://www.imdb.com/title/tt0448157/?ref_=fn_tt_tt_1,tt0448157
231,The Fifth Element,1997,http://www.imdb.com/title/tt0119116/?ref_=fn_tt_tt_1,tt0119116
232,Dr. Strangelove or: How I Learned to Stop Worrying and Love the Bomb,1964,http://www.imdb.com/title/tt0057012/?ref_=fn_tt_tt_1,tt0057012
233,Divergent,2014,http://www.imdb.com/title/tt1840309/?ref_=fn_tt_tt_1,tt1840309
234,Back to the Future Part II,1989,http://www.imdb.com/title/tt0096874/?ref_=fn_tt_tt_1,tt0096874
235,Sherlock Holmes: A Game of Shadows,2011,http://www.imdb.com/title/tt1515091/?ref_=fn_tt_tt_1,tt1515091
236,Mystic River,2003,http://www.imdb.com/title/tt0327056/?ref_=fn_tt_tt_1,tt0327056
237,The Pursuit of Happyness,2006,http://www.imdb.com/title/tt0454921/?ref_=fn_tt_tt_1,tt0454921
238,Elysium,2013,http://www.imdb.com/title/tt1535108/?ref_=fn_tt_tt_1,tt1535108
239,Live Free or Die Hard,2007,http://www.imdb.com/title/tt0337978/?ref_=fn_tt_tt_1,tt0337978
240,War of the Worlds,2005,http://www.imdb.com/title/tt0407304/?ref_=fn_tt_tt_1,tt0407304
241,Indiana Jones and the Kingdom of the Crystal Skull,2008,http://www.imdb.com/title/tt0367882/?ref_=fn_tt_tt_1,tt0367882
243,The Day After Tomorrow,2004,http://www.imdb.com/title/tt0319262/?ref_=fn_tt_tt_1,tt0319262
247,The Girl with the Dragon Tattoo,2011,http://www.imdb.com/title/tt1568346/?ref_=fn_tt_tt_1,tt1568346
248,Indiana Jones and the Temple of Doom,1984,http://www.imdb.com/title/tt0087469/?ref_=fn_tt_tt_1,tt0087469
249,Ice Age,2002,http://www.imdb.com/title/tt0268380/?ref_=fn_tt_tt_1,tt0268380
250,The Wolverine,2013,http://www.imdb.com/title/tt1430132/?ref_=fn_tt_tt_1,tt1430132
